-- phpMyAdmin SQL Dump
-- version 5.2.2
-- https://www.phpmyadmin.net/
--
-- Servidor: 127.0.0.1
-- Tiempo de generación: 26-05-2025 a las 21:13:03
-- Versión del servidor: 10.4.27-MariaDB
-- Versión de PHP: 7.4.33

SET SQL_MODE = "NO_AUTO_VALUE_ON_ZERO";
START TRANSACTION;
SET time_zone = "+00:00";


/*!40101 SET @OLD_CHARACTER_SET_CLIENT=@@CHARACTER_SET_CLIENT */;
/*!40101 SET @OLD_CHARACTER_SET_RESULTS=@@CHARACTER_SET_RESULTS */;
/*!40101 SET @OLD_COLLATION_CONNECTION=@@COLLATION_CONNECTION */;
/*!40101 SET NAMES utf8mb4 */;

--
-- Base de datos: `webdtax`
--

-- --------------------------------------------------------

--
-- Estructura de tabla para la tabla `captura`
--

CREATE TABLE `captura` (
  `id` int(11) NOT NULL,
  `id_em` int(11) NOT NULL,
  `anio` varchar(4) NOT NULL,
  `id_tipo` varchar(1) NOT NULL,
  `id_mes` int(11) NOT NULL,
  `mes` varchar(3) NOT NULL,
  `k1` varchar(20) NOT NULL,
  `k2` varchar(20) NOT NULL,
  `k3` varchar(20) NOT NULL,
  `k4` varchar(20) NOT NULL,
  `k5` varchar(20) NOT NULL,
  `K6` varchar(20) NOT NULL,
  `K7` varchar(20) NOT NULL,
  `K8` varchar(20) NOT NULL,
  `K9` varchar(20) NOT NULL,
  `K10` varchar(20) NOT NULL,
  `K11` varchar(20) NOT NULL,
  `K12` varchar(20) NOT NULL,
  `K13` varchar(20) NOT NULL,
  `K14` varchar(20) DEFAULT NULL,
  `K15` date DEFAULT current_timestamp(),
  `k16` varchar(20) DEFAULT NULL,
  `K17` varchar(20) DEFAULT NULL,
  `K18` varchar(20) DEFAULT NULL,
  `K19` varchar(20) DEFAULT NULL,
  `K20` varchar(20) DEFAULT NULL,
  `K21` varchar(20) NOT NULL,
  `K22` varchar(20) NOT NULL,
  `K23` varchar(20) NOT NULL,
  `K24` varchar(20) NOT NULL,
  `K25` varchar(20) NOT NULL,
  `K26` date DEFAULT current_timestamp(),
  `K27` varchar(20) NOT NULL,
  `K28` varchar(20) NOT NULL,
  `K29` varchar(20) NOT NULL,
  `K30` varchar(20) NOT NULL,
  `K31` date NOT NULL DEFAULT current_timestamp(),
  `K32` varchar(20) NOT NULL,
  `K33` varchar(20) NOT NULL,
  `K34` varchar(20) NOT NULL,
  `K35` varchar(20) NOT NULL,
  `K36` date NOT NULL DEFAULT current_timestamp(),
  `K37` varchar(20) NOT NULL,
  `K38` varchar(20) NOT NULL,
  `K39` varchar(20) NOT NULL,
  `K40` date DEFAULT current_timestamp(),
  `K41` varchar(20) NOT NULL,
  `K42` date DEFAULT current_timestamp(),
  `estatus` varchar(1) NOT NULL
) ENGINE=InnoDB DEFAULT CHARSET=utf8mb4 COLLATE=utf8mb4_general_ci COMMENT='Captura de datos';

--
-- Volcado de datos para la tabla `captura`
--

INSERT INTO `captura` (`id`, `id_em`, `anio`, `id_tipo`, `id_mes`, `mes`, `k1`, `k2`, `k3`, `k4`, `k5`, `K6`, `K7`, `K8`, `K9`, `K10`, `K11`, `K12`, `K13`, `K14`, `K15`, `k16`, `K17`, `K18`, `K19`, `K20`, `K21`, `K22`, `K23`, `K24`, `K25`, `K26`, `K27`, `K28`, `K29`, `K30`, `K31`, `K32`, `K33`, `K34`, `K35`, `K36`, `K37`, `K38`, `K39`, `K40`, `K41`, `K42`, `estatus`) VALUES
(1, 1, '2024', 'i', 1, 'ene', '1250.00', '32680.00', '300.00', '400.00', '500.00', '300.00', '300.00', '0.00', '0.00', '0.00', '200.00', '200.00', '200.00', '0.00', '2025-03-31', '50', '50', '50', '50', '50', '1268', '60.00', '60.00', '60.00', '60.00', '2025-03-31', '150.00', '32680.00', '3620.00', '0.00', '2025-04-08', '600.00', '850.00', '450.00', '736.00', '2025-04-22', '0.00', '0.00', '0.00', '2025-05-19', '0.00', '2025-05-19', '['),
(2, 1, '2024', 'i', 2, 'feb', '100.00', '32680.00', '0.00', '0.00', '0.00', '30.00', '300.00', '0.00', '0.00', '0.00', '20.00', '200.00', '0.00', '0.00', '2024-10-31', '50', '50', '50', '0.00', '0.00', '1268', '60', '0.00', '0.00', '0.00', '2025-01-20', '360.00', '32680.00', '0.00', '0.00', '2025-04-08', '540', '700.00', '320.00', '356.00', '2025-04-08', '0.00', '0.00', '0.00', '2025-05-19', '0.00', '2025-05-19', '['),
(3, 1, '2024', 'i', 3, 'mar', '360.00', '32680.00', '0.00', '0.00', '0.00', '0.00', '40.00', '0.00', '0.00', '0.00', '0.00', '0.00', '360.00', '0.00', '2024-10-28', '350', '0.00', '0.00', '0.00', '0.00', '1268', '0.00', '0.00', '0.00', '0.00', '2025-01-20', '0.00', '32680.00', '0.00', '0.00', '2025-04-08', '0.00', '0.00', '0.00', '0.00', '2025-04-08', '0.00', '0.00', '0.00', '2025-05-19', '0.00', '2025-05-19', '['),
(4, 1, '2024', 'i', 4, 'abr', '0.00', '32680.00', '0.00', '0.00', '0.00', '0.00', '0.00', '20.00', '0.00', '0.00', '0.00', '0.00', '0.00', '0.00', '2024-10-28', '0.00', '0.00', '0.00', '0.00', '0.00', '1268', '0.00', '0.00', '0.00', '0.00', '2025-01-20', '0.00', '32680.00', '0.00', '0.00', '2025-04-08', '0.00', '0.00', '0.00', '0.00', '2025-04-08', '0.00', '0.00', '0.00', '2025-05-19', '0.00', '2025-05-19', '['),
(5, 1, '2024', 'i', 5, 'may', '0.00', '32680.00', '0.00', '0.00', '0.00', '0.00', '0.00', '0.00', '125.00', '0.00', '0.00', '0.00', '0.00', '756.00', '2024-10-28', '0.00', '0.00', '0.00', '0.00', '0.00', '1268', '0.00', '0.00', '0.00', '0.00', '2025-01-20', '0.00', '32680.00', '0.00', '0.00', '2025-04-08', '0.00', '0.00', '0.00', '0.00', '2025-04-08', '0.00', '0.00', '0.00', '2025-05-19', '0.00', '2025-05-19', '['),
(6, 1, '2024', 'i', 6, 'jun', '0.00', '32680.00', '0.00', '0.00', '0.00', '0.00', '0.00', '0.00', '0.00', '360.00', '0.00', '0.00', '365', '0.00', '2024-10-28', '0.00', '0.00', '0.00', '0.00', '0.00', '1268', '0.00', '0.00', '0.00', '0.00', '2025-01-20', '0.00', '32680.00', '0.00', '0.00', '2025-04-08', '0.00', '0.00', '0.00', '0.00', '2025-04-08', '0.00', '0.00', '0.00', '2025-05-19', '0.00', '2025-05-19', '['),
(7, 1, '2024', 'i', 7, 'jul', '0.00', '32680.00', '0.00', '0.00', '0.00', '0.00', '0.00', '0.00', '220.00', '0.00', '0.00', '845', '0.00', '0.00', '2024-10-28', '0.00', '0.00', '0.00', '0.00', '0.00', '1268', '0.00', '0.00', '0.00', '0.00', '2025-01-20', '0.00', '32680.00', '0.00', '0.00', '2025-04-08', '0.00', '0.00', '0.00', '0.00', '2025-04-08', '0.00', '0.00', '0.00', '2025-05-19', '0.00', '2025-05-19', '['),
(8, 1, '2024', 'i', 8, 'ago', '0.00', '32680.00', '0.00', '0.00', '0.00', '0.00', '0.00', '188.00', '0.00', '0.00', '914', '0.00', '0.00', '0.00', '2024-10-28', '0.00', '0.00', '0.00', '0.00', '0.00', '1268', '0.00', '0.00', '0.00', '0.00', '2025-01-20', '0.00', '32680.00', '0.00', '0.00', '2025-04-08', '0.00', '0.00', '0.00', '0.00', '2025-04-08', '0.00', '0.00', '0.00', '2025-05-19', '0.00', '2025-05-19', '['),
(9, 1, '2024', 'i', 9, 'sep', '0.00', '32680.00', '25.00', '0.00', '0.00', '0.00', '365.00', '0.00', '0.00', '0.00', '0.00', '874', '0.00', '0.00', '2024-10-28', '0.00', '0.00', '0.00', '0.00', '0.00', '1268', '0.00', '0.00', '0.00', '0.00', '2025-01-20', '0.00', '32680.00', '0.00', '0.00', '2025-04-08', '0.00', '0.00', '0.00', '0.00', '2025-04-08', '0.00', '0.00', '0.00', '2025-05-19', '0.00', '2025-05-19', '['),
(10, 1, '2024', 'i', 10, 'oct', '0.00', '32680.00', '0.00', '35.00', '0.00', '825.00', '0.00', '0.00', '0.00', '0.00', '0.00', '0.00', '351', '0.00', '2024-10-28', '0.00', '0.00', '0.00', '0.00', '0.00', '1268', '0.00', '0.00', '0.00', '0.00', '2025-01-20', '0.00', '32680.00', '0.00', '0.00', '2025-04-08', '0.00', '0.00', '0.00', '0.00', '2025-04-08', '0.00', '0.00', '0.00', '2025-05-19', '0.00', '2025-05-19', '['),
(11, 1, '2024', 'i', 11, 'nov', '0.00', '32680.00', '0.00', '0.00', '0.00', '0.00', '478.00', '0.00', '0.00', '0.00', '0.00', '0.00', '0.00', '247', '2024-10-28', '0.00', '0.00', '0.00', '0.00', '0.00', '1268', '0.00', '0.00', '0.00', '0.00', '2025-01-20', '0.00', '32680.00', '0.00', '0.00', '2025-04-08', '0.00', '0.00', '0.00', '0.00', '2025-04-08', '0.00', '0.00', '0.00', '2025-05-19', '0.00', '2025-05-19', '['),
(12, 1, '2024', 'i', 12, 'dic', '500.00', '32680.00', '300.00', '200.00', '1.00', '0.00', '0.00', '492.00', '0.00', '0.00', '0.00', '369', '0.00', '0.00', '2024-10-28', '0.00', '0.00', '0.00', '0.00', '0.00', '1268', '0.00', '0.00', '0.00', '0.00', '2025-01-20', '0.00', '32680.00', '0.00', '0.00', '2025-04-08', '0.00', '0.00', '0.00', '0.00', '2025-04-08', '0.00', '0.00', '0.00', '2025-05-19', '0.00', '2025-05-19', '['),
(13, 3, '2023', 'i', 1, 'ene', '300', '32680', '300', '300', '30', '0.00', '0.00', '0.00', '0.00', '0.00', '0.00', '0.00', '0.00', '0.00', '2024-10-28', '0.00', '0.00', '0.00', '0.00', '0.00', '1268', '0.00', '0.00', '0.00', '0.00', '2025-01-20', '0.0', '32680', '0.0', '0.0', '2025-04-08', '0.0', '0.0', '0.0', '0.0', '2025-04-08', '0.00', '0.00', '0.00', '2025-05-19', '0.00', '2025-05-19', '['),
(14, 3, '2023', 'i', 2, 'feb', '0.00', '32680', '0.00', '0.00', '0.00', '0.00', '0.00', '0.00', '0.00', '0.00', '0.00', '0.00', '0.00', '0.00', '2024-10-28', '0.00', '0.00', '0.00', '0.00', '0.00', '1268', '0.00', '0.00', '0.00', '0.00', '2025-01-20', '0.0', '32680', '0.0', '0.0', '2025-04-08', '0.0', '0.0', '0.0', '0.0', '2025-04-08', '0.00', '0.00', '0.00', '2025-05-19', '0.00', '2025-05-19', '['),
(15, 3, '2023', 'i', 3, 'mar', '0.00', '32680', '0.00', '0.00', '0.00', '0.00', '0.00', '0.00', '0.00', '0.00', '0.00', '0.00', '0.00', '0.00', '2024-10-28', '0.00', '0.00', '0.00', '0.00', '0.00', '1268', '0.00', '0.00', '0.00', '0.00', '2025-01-20', '0.0', '32680', '0.0', '0.0', '2025-04-08', '0.0', '0.0', '0.0', '0.0', '2025-04-08', '0.00', '0.00', '0.00', '2025-05-19', '0.00', '2025-05-19', '['),
(16, 3, '2023', 'i', 4, 'abr', '0.00', '32680', '0.00', '0.00', '0.00', '0.00', '0.00', '0.00', '0.00', '0.00', '0.00', '0.00', '0.00', '0.00', '2024-10-28', '0.00', '0.00', '0.00', '0.00', '0.00', '1268', '0.00', '0.00', '0.00', '0.00', '2025-01-20', '0.0', '32680', '0.0', '0.0', '2025-04-08', '0.0', '0.0', '0.0', '0.0', '2025-04-08', '0.00', '0.00', '0.00', '2025-05-19', '0.00', '2025-05-19', '['),
(17, 3, '2023', 'i', 5, 'may', '0.00', '32680', '0.00', '0.00', '0.00', '0.00', '0.00', '0.00', '0.00', '0.00', '0.00', '0.00', '0.00', '0.00', '2024-10-28', '0.00', '0.00', '0.00', '0.00', '0.00', '1268', '0.00', '0.00', '0.00', '0.00', '2025-01-20', '0.0', '32680', '0.0', '0.0', '2025-04-08', '0.0', '0.0', '0.0', '0.0', '2025-04-08', '0.00', '0.00', '0.00', '2025-05-19', '0.00', '2025-05-19', '['),
(18, 3, '2023', 'i', 6, 'jun', '0.00', '32680', '0.00', '0.00', '0.00', '0.00', '0.00', '0.00', '0.00', '0.00', '0.00', '0.00', '0.00', '0.00', '2024-10-28', '0.00', '0.00', '0.00', '0.00', '0.00', '1268', '0.00', '0.00', '0.00', '0.00', '2025-01-20', '0.0', '32680', '0.0', '0.0', '2025-04-08', '0.0', '0.0', '0.0', '0.0', '2025-04-08', '0.00', '0.00', '0.00', '2025-05-19', '0.00', '2025-05-19', '['),
(19, 3, '2023', 'i', 7, 'jul', '0.00', '32680', '0.00', '0.00', '0.00', '0.00', '0.00', '0.00', '0.00', '0.00', '0.00', '0.00', '0.00', '0.00', '2024-10-28', '0.00', '0.00', '0.00', '0.00', '0.00', '1268', '0.00', '0.00', '0.00', '0.00', '2025-01-20', '0.0', '32680', '0.0', '0.0', '2025-04-08', '0.0', '0.0', '0.0', '0.0', '2025-04-08', '0.00', '0.00', '0.00', '2025-05-19', '0.00', '2025-05-19', '['),
(20, 3, '2023', 'i', 8, 'ago', '0.00', '32680', '0.00', '0.00', '0.00', '0.00', '0.00', '0.00', '0.00', '0.00', '0.00', '0.00', '0.00', '0.00', '2024-10-28', '0.00', '0.00', '0.00', '0.00', '0.00', '1268', '0.00', '0.00', '0.00', '0.00', '2025-01-20', '0.0', '32680', '0.0', '0.0', '2025-04-08', '0.0', '0.0', '0.0', '0.0', '2025-04-08', '0.00', '0.00', '0.00', '2025-05-19', '0.00', '2025-05-19', '['),
(21, 3, '2023', 'i', 9, 'sep', '0.00', '32680', '0.00', '0.00', '0.00', '0.00', '0.00', '0.00', '0.00', '0.00', '0.00', '0.00', '0.00', '0.00', '2024-10-28', '0.00', '0.00', '0.00', '0.00', '0.00', '1268', '0.00', '0.00', '0.00', '0.00', '2025-01-20', '0.0', '32680', '0.0', '0.0', '2025-04-08', '0.0', '0.0', '0.0', '0.0', '2025-04-08', '0.00', '0.00', '0.00', '2025-05-19', '0.00', '2025-05-19', '['),
(22, 3, '2023', 'i', 10, 'oct', '0.00', '32680', '0.00', '0.00', '0.00', '0.00', '0.00', '0.00', '0.00', '0.00', '0.00', '0.00', '0.00', '0.00', '2024-10-28', '0.00', '0.00', '0.00', '0.00', '0.00', '1268', '0.00', '0.00', '0.00', '0.00', '2025-01-20', '0.0', '32680', '0.0', '0.0', '2025-04-08', '0.0', '0.0', '0.0', '0.0', '2025-04-08', '0.00', '0.00', '0.00', '2025-05-19', '0.00', '2025-05-19', '['),
(23, 3, '2023', 'i', 11, 'nov', '0.00', '32680', '0.00', '0.00', '0.00', '0.00', '0.00', '0.00', '0.00', '0.00', '0.00', '0.00', '0.00', '0.00', '2024-10-28', '0.00', '0.00', '0.00', '0.00', '0.00', '1268', '0.00', '0.00', '0.00', '0.00', '2025-01-20', '0.0', '32680', '0.0', '0.0', '2025-04-08', '0.0', '0.0', '0.0', '0.0', '2025-04-08', '0.00', '0.00', '0.00', '2025-05-19', '0.00', '2025-05-19', '['),
(24, 3, '2023', 'i', 12, 'dic', '400', '32680', '40', '400', '400', '0.00', '0.00', '0.00', '0.00', '0.00', '0.00', '0.00', '0.00', '0.00', '2024-10-28', '0.00', '0.00', '0.00', '0.00', '0.00', '1268', '0.00', '0.00', '0.00', '0.00', '2025-01-20', '0.0', '32680', '0.0', '0.0', '2025-04-08', '0.0', '0.0', '0.0', '0.0', '2025-04-08', '0.00', '0.00', '0.00', '2025-05-19', '0.00', '2025-05-19', '['),
(25, 2, '2024', 'i', 1, 'ene', '120', '32680', '120', '120', '120', '0.00', '0.00', '0.00', '0.00', '0.00', '0.00', '0.00', '0.00', '0.00', '2024-10-28', '0.00', '0.00', '0.00', '0.00', '0.00', '1268', '0.00', '0.00', '0.00', '0.00', '2025-01-20', '0.0', '32680', '0.0', '0.0', '2025-04-08', '0.0', '0.0', '0.0', '0.0', '2025-04-08', '0.00', '0.00', '0.00', '2025-05-19', '0.00', '2025-05-19', '['),
(26, 2, '2024', 'i', 2, 'feb', '360', '32680', '0.00', '0.00', '0.00', '0.00', '0.00', '0.00', '0.00', '0.00', '0.00', '0.00', '0.00', '0.00', '2024-10-28', '0.00', '0.00', '0.00', '0.00', '0.00', '1268', '0.00', '0.00', '0.00', '0.00', '2025-01-20', '0.0', '32680', '0.0', '0.0', '2025-04-08', '0.0', '0.0', '0.0', '0.0', '2025-04-08', '0.00', '0.00', '0.00', '2025-05-19', '0.00', '2025-05-19', '['),
(27, 2, '2024', 'i', 3, 'mar', '0.00', '32680', '0.00', '0.00', '0.00', '0.00', '0.00', '0.00', '0.00', '0.00', '0.00', '0.00', '0.00', '0.00', '2024-10-28', '0.00', '0.00', '0.00', '0.00', '0.00', '1268', '0.00', '0.00', '0.00', '0.00', '2025-01-20', '0.0', '32680', '0.0', '0.0', '2025-04-08', '0.0', '0.0', '0.0', '0.0', '2025-04-08', '0.00', '0.00', '0.00', '2025-05-19', '0.00', '2025-05-19', '['),
(28, 2, '2024', 'i', 4, 'abr', '0.00', '32680', '0.00', '0.00', '0.00', '0.00', '0.00', '0.00', '0.00', '0.00', '0.00', '0.00', '0.00', '0.00', '2024-10-28', '0.00', '0.00', '0.00', '0.00', '0.00', '1268', '0.00', '0.00', '0.00', '0.00', '2025-01-20', '0.0', '32680', '0.0', '0.0', '2025-04-08', '0.0', '0.0', '0.0', '0.0', '2025-04-08', '0.00', '0.00', '0.00', '2025-05-19', '0.00', '2025-05-19', '['),
(29, 2, '2024', 'i', 5, 'may', '0.00', '32680', '0.00', '0.00', '0.00', '0.00', '0.00', '0.00', '0.00', '0.00', '0.00', '0.00', '0.00', '0.00', '2024-10-28', '0.00', '0.00', '0.00', '0.00', '0.00', '1268', '0.00', '0.00', '0.00', '0.00', '2025-01-20', '0.0', '32680', '0.0', '0.0', '2025-04-08', '0.0', '0.0', '0.0', '0.0', '2025-04-08', '0.00', '0.00', '0.00', '2025-05-19', '0.00', '2025-05-19', '['),
(30, 2, '2024', 'i', 6, 'jun', '0.00', '32680', '0.00', '0.00', '0.00', '0.00', '0.00', '0.00', '0.00', '0.00', '0.00', '0.00', '0.00', '0.00', '2024-10-28', '0.00', '0.00', '0.00', '0.00', '0.00', '1268', '0.00', '0.00', '0.00', '0.00', '2025-01-20', '0.0', '32680', '0.0', '0.0', '2025-04-08', '0.0', '0.0', '0.0', '0.0', '2025-04-08', '0.00', '0.00', '0.00', '2025-05-19', '0.00', '2025-05-19', '['),
(31, 2, '2024', 'i', 7, 'jul', '0.00', '32680', '0.00', '0.00', '0.00', '0.00', '0.00', '0.00', '0.00', '0.00', '0.00', '0.00', '0.00', '0.00', '2024-10-28', '0.00', '0.00', '0.00', '0.00', '0.00', '1268', '0.00', '0.00', '0.00', '0.00', '2025-01-20', '0.0', '32680', '0.0', '0.0', '2025-04-08', '0.0', '0.0', '0.0', '0.0', '2025-04-08', '0.00', '0.00', '0.00', '2025-05-19', '0.00', '2025-05-19', '['),
(32, 2, '2024', 'i', 8, 'ago', '0.00', '32680', '0.00', '0.00', '0.00', '0.00', '0.00', '0.00', '0.00', '0.00', '0.00', '0.00', '0.00', '0.00', '2024-10-28', '0.00', '0.00', '0.00', '0.00', '0.00', '1268', '0.00', '0.00', '0.00', '0.00', '2025-01-20', '0.0', '32680', '0.0', '0.0', '2025-04-08', '0.0', '0.0', '0.0', '0.0', '2025-04-08', '0.00', '0.00', '0.00', '2025-05-19', '0.00', '2025-05-19', '['),
(33, 2, '2024', 'i', 9, 'sep', '0.00', '32680', '0.00', '0.00', '0.00', '0.00', '0.00', '0.00', '0.00', '0.00', '0.00', '0.00', '0.00', '0.00', '2024-10-28', '0.00', '0.00', '0.00', '0.00', '0.00', '1268', '0.00', '0.00', '0.00', '0.00', '2025-01-20', '0.0', '32680', '0.0', '0.0', '2025-04-08', '0.0', '0.0', '0.0', '0.0', '2025-04-08', '0.00', '0.00', '0.00', '2025-05-19', '0.00', '2025-05-19', '['),
(34, 2, '2024', 'i', 10, 'oct', '0.00', '32680', '0.00', '0.00', '0.00', '0.00', '0.00', '0.00', '0.00', '0.00', '0.00', '0.00', '0.00', '0.00', '2024-10-28', '0.00', '0.00', '0.00', '0.00', '0.00', '1268', '0.00', '0.00', '0.00', '0.00', '2025-01-20', '0.0', '32680', '0.0', '0.0', '2025-04-08', '0.0', '0.0', '0.0', '0.0', '2025-04-08', '0.00', '0.00', '0.00', '2025-05-19', '0.00', '2025-05-19', '['),
(35, 2, '2024', 'i', 11, 'nov', '0.00', '32680', '0.00', '0.00', '0.00', '0.00', '0.00', '0.00', '0.00', '0.00', '0.00', '0.00', '0.00', '0.00', '2024-10-28', '0.00', '0.00', '0.00', '0.00', '0.00', '1268', '0.00', '0.00', '0.00', '0.00', '2025-01-20', '0.0', '32680', '0.0', '0.0', '2025-04-08', '0.0', '0.0', '0.0', '0.0', '2025-04-08', '0.00', '0.00', '0.00', '2025-05-19', '0.00', '2025-05-19', '['),
(36, 2, '2024', 'i', 12, 'dic', '260', '32680', '260', '260', '260', '0.00', '0.00', '0.00', '0.00', '0.00', '0.00', '0.00', '0.00', '0.00', '2024-10-28', '0.00', '0.00', '0.00', '0.00', '0.00', '1268', '0.00', '0.00', '0.00', '0.00', '2025-01-20', '0.0', '32680', '0.0', '0.0', '2025-04-08', '0.0', '0.0', '0.0', '0.0', '2025-04-08', '0.00', '0.00', '0.00', '2025-05-19', '0.00', '2025-05-19', '['),
(37, 1, '2023', 'i', 1, 'ene', '100', '32680', '300', '400', '50', '0.00', '0.00', '0.00', '0.00', '0.00', '0.00', '0.00', '0.00', '0.00', '2024-10-28', '0.00', '0.00', '0.00', '0.00', '0.00', '1268', '0.00', '0.00', '0.00', '0.00', '2025-01-20', '0.0', '32680', '0.0', '0.0', '2025-04-08', '0.0', '0.0', '0.0', '0.0', '2025-04-08', '0.00', '0.00', '0.00', '2025-05-19', '0.00', '2025-05-19', '['),
(38, 1, '2023', 'i', 2, 'feb', '0.00', '32680', '0.00', '0.00', '0.00', '0.00', '0.00', '0.00', '0.00', '0.00', '0.00', '0.00', '0.00', '0.00', '2024-10-28', '0.00', '0.00', '0.00', '0.00', '0.00', '1268', '0.00', '0.00', '0.00', '0.00', '2025-01-20', '0.0', '32680', '0.0', '0.0', '2025-04-08', '0.0', '0.0', '0.0', '0.0', '2025-04-08', '0.00', '0.00', '0.00', '2025-05-19', '0.00', '2025-05-19', '['),
(39, 1, '2023', 'i', 3, 'mar', '0.00', '32680', '0.00', '0.00', '0.00', '0.00', '0.00', '0.00', '0.00', '0.00', '0.00', '0.00', '0.00', '0.00', '2024-10-28', '0.00', '0.00', '0.00', '0.00', '0.00', '1268', '0.00', '0.00', '0.00', '0.00', '2025-01-20', '0.0', '32680', '0.0', '0.0', '2025-04-08', '0.0', '0.0', '0.0', '0.0', '2025-04-08', '0.00', '0.00', '0.00', '2025-05-19', '0.00', '2025-05-19', '['),
(40, 1, '2023', 'i', 4, 'abr', '0.00', '32680', '0.00', '0.00', '0.00', '0.00', '0.00', '0.00', '0.00', '0.00', '0.00', '0.00', '0.00', '0.00', '2024-10-28', '0.00', '0.00', '0.00', '0.00', '0.00', '1268', '0.00', '0.00', '0.00', '0.00', '2025-01-20', '0.0', '32680', '0.0', '0.0', '2025-04-08', '0.0', '0.0', '0.0', '0.0', '2025-04-08', '0.00', '0.00', '0.00', '2025-05-19', '0.00', '2025-05-19', '['),
(41, 1, '2023', 'i', 5, 'may', '0.00', '32680', '0.00', '0.00', '0.00', '0.00', '0.00', '0.00', '0.00', '0.00', '0.00', '0.00', '0.00', '0.00', '2024-10-28', '0.00', '0.00', '0.00', '0.00', '0.00', '1268', '0.00', '0.00', '0.00', '0.00', '2025-01-20', '0.0', '32680', '0.0', '0.0', '2025-04-08', '0.0', '0.0', '0.0', '0.0', '2025-04-08', '0.00', '0.00', '0.00', '2025-05-19', '0.00', '2025-05-19', '['),
(42, 1, '2023', 'i', 6, 'jun', '0.00', '32680', '0.00', '0.00', '0.00', '0.00', '0.00', '0.00', '0.00', '0.00', '0.00', '0.00', '0.00', '0.00', '2024-10-28', '0.00', '0.00', '0.00', '0.00', '0.00', '1268', '0.00', '0.00', '0.00', '0.00', '2025-01-20', '0.0', '32680', '0.0', '0.0', '2025-04-08', '0.0', '0.0', '0.0', '0.0', '2025-04-08', '0.00', '0.00', '0.00', '2025-05-19', '0.00', '2025-05-19', '['),
(43, 1, '2023', 'i', 7, 'jul', '0.00', '32680', '0.00', '0.00', '0.00', '0.00', '0.00', '0.00', '0.00', '0.00', '0.00', '0.00', '0.00', '0.00', '2024-10-28', '0.00', '0.00', '0.00', '0.00', '0.00', '1268', '0.00', '0.00', '0.00', '0.00', '2025-01-20', '0.0', '32680', '0.0', '0.0', '2025-04-08', '0.0', '0.0', '0.0', '0.0', '2025-04-08', '0.00', '0.00', '0.00', '2025-05-19', '0.00', '2025-05-19', '['),
(44, 1, '2023', 'i', 8, 'ago', '0.00', '32680', '0.00', '0.00', '0.00', '0.00', '0.00', '0.00', '0.00', '0.00', '0.00', '0.00', '0.00', '0.00', '2024-10-28', '0.00', '0.00', '0.00', '0.00', '0.00', '1268', '0.00', '0.00', '0.00', '0.00', '2025-01-20', '0.0', '32680', '0.0', '0.0', '2025-04-08', '0.0', '0.0', '0.0', '0.0', '2025-04-08', '0.00', '0.00', '0.00', '2025-05-19', '0.00', '2025-05-19', '['),
(45, 1, '2023', 'i', 9, 'sep', '0.00', '32680', '0.00', '0.00', '0.00', '0.00', '0.00', '0.00', '0.00', '0.00', '0.00', '0.00', '0.00', '0.00', '2024-10-28', '0.00', '0.00', '0.00', '0.00', '0.00', '1268', '0.00', '0.00', '0.00', '0.00', '2025-01-20', '0.0', '32680', '0.0', '0.0', '2025-04-08', '0.0', '0.0', '0.0', '0.0', '2025-04-08', '0.00', '0.00', '0.00', '2025-05-19', '0.00', '2025-05-19', '['),
(46, 1, '2023', 'i', 10, 'oct', '0.00', '32680', '0.00', '0000', '0.00', '0.00', '0.00', '0.00', '0.00', '0.00', '0.00', '0.00', '0.00', '0.00', '2024-10-28', '0.00', '0.00', '0.00', '0.00', '0.00', '1268', '0.00', '0.00', '0.00', '0.00', '2025-01-20', '0.0', '32680', '0.0', '0.0', '2025-04-08', '0.0', '0.0', '0.0', '0.0', '2025-04-08', '0.00', '0.00', '0.00', '2025-05-19', '0.00', '2025-05-19', '['),
(47, 1, '2023', 'i', 11, 'nov', '0.00', '32680', '0.00', '0.00', '0.00', '0.00', '0.00', '0.00', '0.00', '0.00', '0.00', '0.00', '0.00', '0.00', '2024-10-28', '0.00', '0.00', '0.00', '0.00', '0.00', '1268', '0.00', '0.00', '0.00', '0.00', '2025-01-20', '0.0', '32680', '0.0', '0.0', '2025-04-08', '0.0', '0.0', '0.0', '0.0', '2025-04-08', '0.00', '0.00', '0.00', '2025-05-19', '0.00', '2025-05-19', '['),
(48, 1, '2023', 'i', 12, 'dic', '500', '32680', '300', '200', '100', '0.00', '0.00', '0.00', '0.00', '0.00', '0.00', '0.00', '0.00', '0.00', '2024-10-28', '0.00', '0.00', '0.00', '0.00', '0.00', '1268', '0.00', '0.00', '0.00', '0.00', '2025-01-20', '0.0', '32680', '0.0', '0.0', '2025-04-08', '0.0', '0.0', '0.0', '0.0', '2025-04-08', '0.00', '0.00', '0.00', '2025-05-19', '0.00', '2025-05-19', '['),
(61, 3, '2025', 'i', 1, 'ene', '1000.00', '32680.00', '0.00', '0.00', '0.00', '0.00', '0.00', '0.00', '0.00', '0.00', '0.00', '0.00', '0.00', '0.00', '2025-01-27', '0.00', '220.00', '0.00', '0.00', '0.00', '1268.00', '0.00', '0.00', '0.00', '0.00', '2025-01-27', '0.00', '32680.00', '0.00', '0.00', '2025-04-08', '0.00', '960.00', '4750.00', '0.00', '2025-04-08', '0.00', '1505.00', '0.00', '2025-05-19', '2030.00', '2025-04-30', '1'),
(62, 3, '2025', 'i', 2, 'feb', '200.00', '32680.00', '0.00', '0.00', '0.00', '0.00', '0.00', '0.00', '0.00', '0.00', '0.00', '0.00', '0.00', '0.00', '2025-01-27', '0.00', '120.00', '0.00', '0.00', '0.00', '1268.00', '0.00', '0.00', '0.00', '0.00', '2025-01-27', '0.00', '1750.00', '0.00', '0.00', '2025-04-08', '0.00', '0.00', '0.00', '0.00', '2025-04-08', '0.00', '0.00', '0.00', '2025-05-19', '0.00', '2025-05-19', '1'),
(63, 3, '2025', 'i', 3, 'mar', '0.00', '32680.00', '0.00', '0.00', '0.00', '0.00', '0.00', '0.00', '0.00', '0.00', '0.00', '0.00', '0.00', '0.00', '2025-01-27', '0.00', '130.00', '0.00', '0.00', '0.00', '870.00', '0.00', '0.00', '0.00', '0.00', '2025-01-27', '0.00', '32680.00', '0.00', '0.00', '2025-04-08', '0.00', '0.00', '0.00', '0.00', '2025-04-08', '0.00', '850.00', '0.00', '2025-05-19', '1250.00', '2025-05-19', '1'),
(64, 3, '2025', 'i', 4, 'abr', '0.00', '17800.00', '0.00', '0.00', '0.00', '0.00', '0.00', '0.00', '0.00', '0.00', '0.00', '0.00', '0.00', '0.00', '2025-01-27', '0.00', '250.00', '0.00', '0.00', '0.00', '1268.00', '0.00', '0.00', '0.00', '0.00', '2025-01-27', '0.00', '32680.00', '0.00', '0.00', '2025-04-08', '0.00', '0.00', '0.00', '0.00', '2025-04-08', '3625.00', '0.00', '0.00', '2025-05-19', '0.00', '2025-05-19', '1'),
(65, 3, '2025', 'i', 5, 'may', '0.00', '32680.00', '0.00', '0.00', '0.00', '0.00', '0.00', '0.00', '0.00', '0.00', '0.00', '0.00', '0.00', '0.00', '2025-01-27', '0.00', '263.00', '0.00', '0.00', '0.00', '1268.00', '0.00', '0.00', '0.00', '0.00', '2025-01-27', '0.00', '18360', '0.00', '0.00', '2025-04-08', '0.00', '0.00', '0.00', '0.00', '2025-04-08', '0.00', '0.00', '0.00', '2025-05-19', '0.00', '2025-05-19', '1'),
(66, 3, '2025', 'i', 6, 'jun', '0.00', '32680.00', '0.00', '0.00', '0.00', '0.00', '0.00', '0.00', '0.00', '0.00', '0.00', '0.00', '0.00', '0.00', '2025-01-27', '0.00', '250.00', '0.00', '0.00', '0.00', '1268.00', '0.00', '0.00', '0.00', '0.00', '2025-01-27', '0.00', '32680.00', '0.00', '0.00', '2025-04-08', '0.00', '0.00', '0.00', '0.00', '2025-04-08', '0.00', '0.00', '0.00', '2025-05-19', '0.00', '2025-05-19', '1'),
(67, 3, '2025', 'i', 7, 'jul', '0.00', '32680.00', '0.00', '0.00', '0.00', '0.00', '0.00', '0.00', '0.00', '0.00', '0.00', '0.00', '0.00', '0.00', '2025-01-27', '0.00', '630.00', '0.00', '0.00', '0.00', '1268.00', '0.00', '0.00', '0.00', '0.00', '2025-01-27', '0.00', '32680.00', '0.00', '0.00', '2025-04-08', '0.00', '0.00', '0.00', '0.00', '2025-04-08', '0.00', '0.00', '7850.00', '2025-05-19', '0.00', '2025-05-19', '1'),
(68, 3, '2025', 'i', 8, 'ago', '0.00', '32680.00', '0.00', '0.00', '0.00', '0.00', '0.00', '0.00', '0.00', '0.00', '0.00', '0.00', '0.00', '0.00', '2025-01-27', '0.00', '250.00', '0.00', '0.00', '0.00', '1268.00', '0.00', '0.00', '0.00', '0.00', '2025-01-27', '0.00', '32680.00', '0.00', '0.00', '2025-04-08', '0.00', '0.00', '0.00', '0.00', '2025-04-08', '0.00', '0.00', '0.00', '2025-05-19', '0.00', '2025-05-19', '1'),
(69, 3, '2025', 'i', 9, 'sep', '0.00', '32680.00', '0.00', '0.00', '0.00', '0.00', '0.00', '0.00', '0.00', '0.00', '0.00', '0.00', '0.00', '0.00', '2025-01-27', '0.00', '153.00', '0.00', '0.00', '0.00', '1268.00', '0.00', '0.00', '0.00', '0.00', '2025-01-27', '0.00', '32680.00', '0.00', '0.00', '2025-04-08', '0.00', '0.00', '0.00', '0.00', '2025-04-08', '0.00', '0.00', '0.00', '2025-05-19', '0.00', '2025-05-19', '1'),
(70, 3, '2025', 'i', 10, 'oct', '0.00', '32680.00', '0.00', '0.00', '0.00', '0.00', '0.00', '0.00', '0.00', '0.00', '0.00', '0.00', '0.00', '0.00', '2025-01-27', '0.00', '630.00', '0.00', '0.00', '0.00', '1268.00', '0.00', '0.00', '0.00', '0.00', '2025-01-27', '0.00', '32680.00', '0.00', '0.00', '2025-04-08', '0.00', '0.00', '0.00', '0.00', '2025-04-08', '0.00', '0.00', '0.00', '2025-05-19', '0.00', '2025-05-19', '1'),
(71, 3, '2025', 'i', 11, 'nov', '0.00', '32680.00', '0.00', '0.00', '0.00', '0.00', '0.00', '0.00', '0.00', '0.00', '0.00', '0.00', '0.00', '0.00', '2025-01-27', '0.00', '740.00', '0.00', '0.00', '0.00', '1268.00', '0.00', '0.00', '0.00', '0.00', '2025-01-27', '0.00', '32680.00', '0.00', '0.00', '2025-04-08', '0.00', '0.00', '0.00', '0.00', '2025-04-08', '0.00', '0.00', '0.00', '2025-05-19', '0.00', '2025-05-19', '1'),
(72, 3, '2025', 'i', 12, 'dic', '0.00', '32680.00', '0.00', '0.00', '0.00', '0.00', '0.00', '0.00', '0.00', '0.00', '0.00', '0.00', '0.00', '0.00', '2025-01-27', '0.00', '960.00', '0.00', '0.00', '0.00', '1268.00', '0.00', '0.00', '0.00', '0.00', '2025-01-27', '0.00', '32680.00', '0.00', '0.00', '2025-04-08', '0.00', '0.00', '0.00', '0.00', '2025-04-08', '0.00', '0.00', '0.00', '2025-05-19', '0.00', '2025-05-19', '1');

-- --------------------------------------------------------

--
-- Estructura de tabla para la tabla `empresas`
--

CREATE TABLE `empresas` (
  `id_em` int(11) NOT NULL,
  `em1` varchar(13) NOT NULL COMMENT 'RFC',
  `em2` varchar(60) NOT NULL COMMENT 'Razón Social',
  `em3` varchar(100) NOT NULL COMMENT 'Domicilio Fiscal',
  `em4` varchar(10) NOT NULL COMMENT 'Teléfono/Móvil Contacto',
  `em5` varchar(100) NOT NULL COMMENT 'Email Contacto',
  `em6` varchar(100) NOT NULL COMMENT 'Actividad ',
  `em7` varchar(50) NOT NULL COMMENT 'Régimen Tributario',
  `em8` varchar(60) NOT NULL COMMENT 'Representante Legal',
  `em9` varchar(13) NOT NULL COMMENT 'RFC Representante Legal',
  `em10` date NOT NULL COMMENT 'Fecha de Ingreso',
  `em11` varchar(4) NOT NULL COMMENT 'Año de Ejercicio Vigente',
  `estatus` varchar(20) NOT NULL COMMENT 'Estado de la empresa'
) ENGINE=InnoDB DEFAULT CHARSET=utf8mb4 COLLATE=utf8mb4_general_ci;

--
-- Volcado de datos para la tabla `empresas`
--

INSERT INTO `empresas` (`id_em`, `em1`, `em2`, `em3`, `em4`, `em5`, `em6`, `em7`, `em8`, `em9`, `em10`, `em11`, `estatus`) VALUES
(1, ' AAS120210QE3', 'APC ACCOUNTING SERVICES, SC  ', 'CALLE ADRIAN VALADEZ No.385 FRACCIONAMIENTO LORETO, LA PAZ B.C.S. ', '6121242667', 'info@apcacccounting.net', 'SERVICIOS DE CONTABILIDAD Y AUDITORIA ', 'Personas Morales Titulo II', 'RODOLFO ADRIAN HERNANDEZ GRIJALVA  ', 'HEGR760906QDC', '0000-00-00', '2021', 'ACTIVO'),
(2, 'HEGR691105DM2', 'RUBEN ALONSO HERNANDEZ GRIJALVA', 'CALLE PURISIMA 231', '6121680993', 'ruben.hernandez@dmakes.mx', 'COMPRA VENTA DE EQUIPOS DE COMPUTO NUEVOS Y USADOS', 'Personas Fisicas Prof.', 'rodolfo adrian hernandez grijalva', 'HEGR760906AAA', '2024-08-01', '2023', 'ACTIVO'),
(3, 'HEGR691105DM2', 'DMAKES SA', 'CONOCIDO', '6121242667', 'ruben@hotmail.com', 'COMPRA VENTA DE EQUIPO DE COMPUTO Y ACCESORIOS', 'Personas Morales Titulo II', 'RODOLFO ADRIAN HERNANDEZ GRIJALVA  ', 'HEGR760906AAA', '2024-07-17', '2021', 'ACTIVO');

-- --------------------------------------------------------

--
-- Estructura de tabla para la tabla `indicadores`
--

CREATE TABLE `indicadores` (
  `id` int(11) NOT NULL,
  `anio` varchar(4) NOT NULL,
  `isrpm` varchar(10) NOT NULL,
  `tasnom` varchar(10) NOT NULL,
  `tashos` varchar(10) NOT NULL,
  `ietu` varchar(10) NOT NULL
) ENGINE=InnoDB DEFAULT CHARSET=utf8mb4 COLLATE=utf8mb4_general_ci;

--
-- Volcado de datos para la tabla `indicadores`
--

INSERT INTO `indicadores` (`id`, `anio`, `isrpm`, `tasnom`, `tashos`, `ietu`) VALUES
(1, '2005', '28', '2.0', '3.0', '16.5'),
(2, '2006', '28', '2.0', '3.0', '17.0'),
(3, '2007', '28', '2.0', '3.0', '17.5'),
(4, '2008', '28', '2.0', '3.0', '17.5'),
(5, '2009', '28', '2.5', '3.0', '17.5'),
(6, '2010', '30', '2.5', '3.0', '17.5'),
(7, '2011', '30', '2.5', '3.0', '17.5'),
(8, '2012', '30', '2.5', '3.0', '17.5'),
(9, '2013', '30', '2.5', '3.0', '17.5'),
(10, '2014', '30', '2.5', '3.0', '0.0'),
(11, '2014', '30', '2.5', '3.0', '0.0'),
(12, '2015', '30', '2.5', '3.0', '0.0'),
(13, '2016', '30', '2.5', '3.0', '0.0'),
(14, '2017', '30', '2.5', '3.0', '0.0'),
(15, '2018', '30', '2.5', '3.0', '0.0'),
(16, '2019', '30', '2.5', '3.0', '0.0'),
(17, '2020', '30', '2.5', '3.0', '0.0'),
(18, '2021', '30', '2.5', '3.0', '0.0'),
(19, '2022', '30', '2.5', '3.0', '0.0'),
(20, '2023', '30', '2.5', '3.0', '0.0'),
(21, '2024', '30', '2.5', '3.0', '0.0');

-- --------------------------------------------------------

--
-- Estructura de tabla para la tabla `inpc`
--

CREATE TABLE `inpc` (
  `id` int(11) NOT NULL,
  `anio` varchar(4) NOT NULL,
  `ene` varchar(8) NOT NULL,
  `feb` varchar(8) NOT NULL,
  `mar` varchar(8) NOT NULL,
  `abr` varchar(8) NOT NULL,
  `may` varchar(8) NOT NULL,
  `jun` varchar(8) NOT NULL,
  `jul` varchar(8) NOT NULL,
  `ago` varchar(8) NOT NULL,
  `sep` varchar(8) NOT NULL,
  `oct` varchar(8) NOT NULL,
  `nov` varchar(8) NOT NULL,
  `dic` varchar(8) NOT NULL
) ENGINE=InnoDB DEFAULT CHARSET=utf8mb4 COLLATE=utf8mb4_general_ci;

--
-- Volcado de datos para la tabla `inpc`
--

INSERT INTO `inpc` (`id`, `anio`, `ene`, `feb`, `mar`, `abr`, `may`, `jun`, `jul`, `ago`, `sep`, `oct`, `nov`, `dic`) VALUES
(1, '1980', '0.0683', '0.0699', '0.1035', '0.1053', '0.1070', '0.1091', '0.1122', '0.1145', '0.1158', '0.1175', '0.1196', '0.1227'),
(2, '1981', '0.1267', '0.1298', '0.1325', '0.1355', '0.1376', '0.1395', '0.1420', '0.1449', '0.1476', '0.1509', '0.1538', '0.1579'),
(3, '1982', '0.1658', '0.1723', '0.1786', '0.1882', '0.1988', '0.2084', '0.2191', '0.2437', '0.2567', '0.2700', '0.2837', '0.3140'),
(4, '1983', '0.3481', '0.3668', '0.3846', '0.4089', '0.4267', '0.4428', '0.4647', '0.4828', '0.4976', '0.5141', '0.5443', '0.5676'),
(5, '1984', '0.6037', '0.6355', '0.6627', '0.6914', '0.7143', '0.7401', '0.7644', '0.7861', '0.8095', '0.8378', '0.8666', '0.9034'),
(6, '1985', '0.9704', '1.0107', '1.0499', '1.0822', '1.1078', '1.1355', '1.1751', '1.2265', '1.2754', '1.3239', '1.3850', '1.4793'),
(7, '1986', '1.6100', '1.6816', '1.7598', '1.8517', '1.9546', '2.0800', '2.1838', '2.3579', '2.4994', '2.6422', '2.8208', '3.0436'),
(8, '1987', '3.2900', '3.5274', '3.7605', '4.0895', '4.3978', '4.7160', '5.0980', '5.5146', '5.8779', '6.3678', '6.8728', '7.8880'),
(9, '1988', '9.1076', '9.8673', '10.3730', '10.6920', '10.8990', '11.1210', '11.3070', '11.4110', '11.4760', '11.5630', '11.7180', '11.9630'),
(10, '1989', '12.2560', '12.4220', '12.5560', '12.7440', '12.9200', '13.0770', '13.2070', '13.3330', '13.4610', '13.6600', '13.8520', '14.3190'),
(11, '1990', '15.0100', '15.3500', '15.6210', '15.8580', '16.1350', '16.4900', '16.7910', '17.0770', '17.3210', '17.5700', '18.0360', '18.6050'),
(12, '1991', '19.0790', '19.4120', '19.6890', '19.8950', '20.0890', '20.3000', '20.4800', '20.6220', '20.8280', '21.0700', '21.5930', '22.1010'),
(13, '1992', '22.5030', '22.7700', '23.0010', '23.2060', '23.3590', '23.5170', '23.6660', '23.8110', '24.0180', '24.1910', '24.3920', '24.7400'),
(14, '1993', '25.0500', '25.2550', '25.4020', '25.5480', '25.6940', '25.8390', '25.9630', '26.1020', '26.2950', '26.4030', '26.5190', '26.7210'),
(15, '1994', '26.9280', '27.0670', '27.2060', '27.3390', '27.4710', '27.6090', '27.7310', '27.8610', '28.0590', '28.2060', '28.3570', '19.7261'),
(16, '1995', '29.6820', '30.9400', '32.7640', '35.3750', '36.8530', '38.0230', '38.7980', '39.4420', '40.2580', '41.0860', '42.0990', '43.4710'),
(17, '1996', '45.0330', '46.0840', '47.0990', '48.4380', '49.3210', '50.1240', '50.8360', '51.5120', '52.3360', '52.9890', '53.7920', '55.5140'),
(18, '1997', '56.9420', '57.8980', '58.6190', '59.2520', '59.7930', '60.3240', '60.8490', '61.3900', '62.1550', '62.6520', '63.3520', '64.2400'),
(19, '1998', '65.6380', '66.7870', '67.5690', '68.2010', '68.7450', '69.5570', '70.2280', '70.9030', '72.0530', '73.0850', '74.3800', '76.1950'),
(20, '1999', '78.1190', '79.1690', '79.9040', '80.6370', '81.1220', '81.6550', '82.1950', '82.6580', '83.4560', '83.9850', '84.7320', '85.5810'),
(21, '2000', '86.7300', '87.4990', '87.9840', '88.4850', '88.8160', '89.3420', '89.6900', '90.1830', '90.8420', '91.4670', '92.2490', '93.2480'),
(22, '2001', '93.7650', '93.7030', '94.2970', '94.7720', '94.9900', '95.2150', '94.9670', '95.5300', '96.4190', '96.8550', '97.2200', '97.3540'),
(23, '2002', '98.2530', '98.1900', '98.6920', '99.2310', '99.4320', '99.9170', '100.2040', '100.5850', '101.1900', '101.6360', '102.4580', '102.9040'),
(24, '2003', '103.3200', '103.6070', '104.2610', '104.4390', '104.1020', '104.1880', '104.3390', '104.6520', '105.2750', '105.6610', '106.5380', '106.9960'),
(25, '2004', '74.2423', '74.6864', '74.9394', '75.0525', '74.8643', '74.9843', '75.1808', '75.6449', '76.2704', '76.7986', '77.4537', '77.6137'),
(26, '2005', '77.6164', '77.8750', '78.2260', '78.5046', '78.3074', '78.2322', '78.5384', '78.6322', '78.9474', '79.1411', '79.7107', '80.2003'),
(27, '2006', '80.6706', '80.7941', '80.8955', '81.0141', '80.6534', '80.7231', '80.9444', '81.3575', '82.1788', '82.5381', '82.9711', '83.4511'),
(28, '2007', '83.8821', '84.1165', '84.2986', '84.2483', '83.8373', '83.9379', '84.2945', '84.6379', '85.2951', '85.6274', '86.2315', '86.5880'),
(29, '2008', '86.9894', '87.2480', '87.8803', '88.0803', '87.9852', '88.3493', '88.8416', '89.3547', '89.9636', '90.5767', '91.6062', '92.2406'),
(30, '2009', '92.4544', '92.6585', '93.1916', '93.5178', '93.2454', '93.4171', '93.6716', '93.8957', '94.3667', '94.6522', '95.1431', '95.5369'),
(31, '2010', '96.5754', '97.1340', '97.8236', '97.5119', '96.8975', '96.8671', '97.0775', '97.3471', '97.8574', '98.4615', '99.2504', '99.7420'),
(32, '2011', '100.2280', '100.6040', '100.7970', '100.7890', '100.0460', '100.0410', '100.5210', '100.6800', '100.9270', '101.6080', '102.7070', '103.5510'),
(33, '2012', '104.2840', '104.4960', '104.5560', '104.2280', '103.8990', '104.3780', '104.9664', '105.2790', '105.7430', '106.2780', '107.0000', '107.2460'),
(34, '2013', '107.6780', '108.2080', '109.0020', '109.0740', '108.7110', '108.6450', '108.6090', '108.9180', '109.3280', '109.8480', '110.8720', '111.5080'),
(35, '2014', '84.5190', '84.7330', '84.9650', '84.8060', '84.5350', '84.6820', '84.9140', '85.2190', '85.5960', '86.0690', '86.7630', '87.1880'),
(36, '2015', '87.1100', '87.2750', '87.6300', '87.4030', '86.9670', '87.1130', '87.2400', '87.4240', '87.7520', '88.2030', '88.6850', '89.0460'),
(37, '2016', '89.3860', '89.7770', '89.9100', '89.6250', '89.2250', '89.3240', '89.5560', '89.8090', '90.3570', '90.9060', '91.6160', '92.0390'),
(38, '2017', '93.6030', '94.1440', '94.7220', '94.8380', '94.7250', '94.9630', '95.3220', '95.7930', '96.0930', '96.6980', '97.6950', '98.2720'),
(39, '2018', '98.7950', '99.1710', '99.4920', '99.1540', '98.9940', '99.3760', '99.9090', '100.4920', '100.9170', '101.4400', '102.3030', '102.3030'),
(40, '2019', '103.1080', '103.0790', '103.4760', '103.5310', '103.2330', '103.2990', '103.6870', '103.6700', '103.9420', '104.5030', '104.5030', '104.5030'),
(41, '2020', '106.4470', '106.8890', '106.8380', '105.7550', '106.1620', '106.7430', '107.4440', '107.8670', '108.1140', '108.7740', '108.8560', '109.2710'),
(42, '2021', '110.2100', '110.9070', '111.8240', '112.1900', '112.4190', '113.0180', '113.6820', '113.8990', '114.6010', '115.5610', '116.8840', '117.3080'),
(43, '2022', '118.0020', '118.9810', '120.1590', '120.8090', '121.0220', '122.0440', '122.9480', '123.8030', '124.5710', '125.2760', '125.2760', '126.4780'),
(44, '2023', '127.3360', '128.0460', '128.3890', '128.3630', '128.0840', '128.2140', '128.8320', '129.5450', '130.1200', '130.6090', '131.4450', '132.3730'),
(45, '2024', '133.5550', '133.6810', '134.0650', '134.3360', '134.3360', '134.3692', '134.5251', '0.0000', '0.0000', '0.0000', '0.0000', '0.0000');

-- --------------------------------------------------------

--
-- Estructura de tabla para la tabla `recargos`
--

CREATE TABLE `recargos` (
  `id` int(11) NOT NULL,
  `anio` varchar(4) NOT NULL,
  `ene` varchar(8) NOT NULL,
  `feb` varchar(8) NOT NULL,
  `mar` varchar(8) NOT NULL,
  `abr` varchar(8) NOT NULL,
  `may` varchar(8) NOT NULL,
  `jun` varchar(8) NOT NULL,
  `jul` varchar(8) NOT NULL,
  `ago` varchar(8) NOT NULL,
  `sep` varchar(8) NOT NULL,
  `oct` varchar(8) NOT NULL,
  `nov` varchar(8) NOT NULL,
  `dic` varchar(8) NOT NULL
) ENGINE=InnoDB DEFAULT CHARSET=utf8mb4 COLLATE=utf8mb4_general_ci;

--
-- Volcado de datos para la tabla `recargos`
--

INSERT INTO `recargos` (`id`, `anio`, `ene`, `feb`, `mar`, `abr`, `may`, `jun`, `jul`, `ago`, `sep`, `oct`, `nov`, `dic`) VALUES
(1, '1980', '1.30', '1.30', '1.30', '1.30', '1.30', '1.30', '1.30', '1.30', '1.30', '1.30', '1.30', '1.30'),
(2, '1981', '1.30', '1.30', '1.30', '1.30', '1.30', '1.30', '1.30', '1.30', '1.30', '1.30', '1.30', '1.30'),
(3, '1982', '1.30', '1.30', '1.30', '1.30', '1.30', '1.30', '1.30', '1.30', '1.30', '1.30', '1.30', '1.30'),
(4, '1983', '1.30', '1.30', '1.30', '1.30', '1.30', '1.30', '1.30', '1.30', '1.30', '1.30', '1.30', '1.30'),
(5, '1984', '1.30', '1.30', '1.30', '1.30', '1.30', '1.30', '1.30', '1.30', '1.30', '1.30', '1.30', '1.30'),
(6, '1985', '1.30', '1.30', '1.30', '1.30', '1.30', '1.30', '1.30', '1.30', '1.30', '1.30', '1.30', '1.30'),
(7, '1986', '1.30', '1.30', '1.30', '1.30', '1.30', '1.30', '1.30', '1.30', '1.30', '1.30', '1.30', '1.30'),
(8, '1987', '1.30', '1.30', '1.30', '1.30', '1.30', '1.30', '1.30', '1.30', '1.30', '1.30', '1.30', '1.30'),
(9, '1988', '1.30', '1.30', '1.30', '1.30', '1.30', '1.30', '1.30', '1.30', '1.30', '1.30', '1.30', '1.30'),
(10, '1989', '1.30', '1.30', '1.30', '1.30', '1.30', '1.30', '1.30', '1.30', '1.30', '1.30', '1.30', '1.30'),
(11, '1990', '1.30', '1.30', '1.30', '1.30', '1.30', '1.30', '1.30', '1.30', '1.30', '1.30', '1.30', '1.30'),
(12, '1991', '1.30', '1.30', '1.30', '1.30', '1.30', '1.30', '1.30', '1.30', '1.30', '1.30', '1.30', '1.30'),
(13, '1992', '1.30', '1.30', '1.30', '1.30', '1.30', '1.30', '1.30', '1.30', '1.30', '1.30', '1.30', '1.30'),
(14, '1993', '1.30', '1.30', '1.30', '1.30', '1.30', '1.30', '1.30', '1.30', '1.30', '1.30', '1.30', '1.30'),
(15, '1994', '1.30', '1.30', '1.30', '1.30', '1.30', '1.30', '1.30', '1.30', '1.30', '1.30', '1.30', '1.30'),
(16, '1995', '1.30', '1.30', '1.30', '1.30', '1.30', '1.30', '1.30', '1.30', '1.30', '1.30', '1.30', '1.30'),
(17, '1996', '1.30', '1.30', '1.30', '1.30', '1.30', '1.30', '1.30', '1.30', '1.30', '1.30', '1.30', '1.30'),
(18, '1997', '1.30', '1.30', '1.30', '1.30', '1.30', '1.30', '1.30', '1.30', '1.30', '1.30', '1.30', '1.30'),
(19, '1998', '1.30', '1.30', '1.30', '1.30', '1.30', '1.30', '1.30', '1.30', '1.30', '1.30', '1.30', '1.30'),
(20, '1999', '1.30', '1.30', '1.30', '1.30', '1.30', '1.30', '1.30', '1.30', '1.30', '1.30', '1.30', '1.30'),
(21, '2000', '1.30', '1.30', '1.30', '1.30', '1.30', '1.30', '1.30', '1.30', '1.30', '1.30', '1.30', '1.30'),
(22, '2001', '1.30', '1.30', '1.30', '1.30', '1.30', '1.30', '1.30', '1.30', '1.30', '1.30', '1.30', '1.30'),
(23, '2002', '1.30', '1.30', '1.30', '1.30', '1.30', '1.30', '1.30', '1.30', '1.30', '1.30', '1.30', '1.30'),
(24, '2003', '1.30', '1.30', '1.30', '1.30', '1.30', '1.30', '1.30', '1.30', '1.30', '1.30', '1.30', '1.30'),
(25, '2004', '1.30', '1.30', '1.30', '1.30', '1.30', '1.30', '1.30', '1.30', '1.30', '1.30', '1.30', '1.30'),
(26, '2005', '1.30', '1.30', '1.30', '1.30', '1.30', '1.30', '1.30', '1.30', '1.30', '1.30', '1.30', '1.30'),
(27, '2006', '1.30', '1.30', '1.30', '1.30', '1.30', '1.30', '1.30', '1.30', '1.30', '1.30', '1.30', '1.30'),
(28, '2007', '1.30', '1.30', '1.30', '1.30', '1.30', '1.30', '1.30', '1.30', '1.30', '1.30', '1.30', '1.30'),
(29, '2008', '1.30', '1.30', '1.30', '1.30', '1.30', '1.30', '1.30', '1.30', '1.30', '1.30', '1.30', '1.30'),
(30, '2009', '1.30', '1.30', '1.30', '1.30', '1.30', '1.30', '1.30', '1.30', '1.30', '1.30', '1.30', '1.30'),
(31, '2010', '1.30', '1.30', '1.30', '1.30', '1.30', '1.30', '1.30', '1.30', '1.30', '1.30', '1.30', '1.30'),
(32, '2011', '1.30', '1.30', '1.30', '1.30', '1.30', '1.30', '1.30', '1.30', '1.30', '1.30', '1.30', '1.30'),
(33, '2012', '1.30', '1.30', '1.30', '1.30', '1.30', '1.30', '1.30', '1.30', '1.30', '1.30', '1.30', '1.30'),
(34, '2013', '1.30', '1.30', '1.30', '1.30', '1.30', '1.30', '1.30', '1.30', '1.30', '1.30', '1.30', '1.30'),
(35, '2014', '1.30', '1.30', '1.30', '1.30', '1.30', '1.30', '1.30', '1.30', '1.30', '1.30', '1.30', '1.30'),
(36, '2015', '1.30', '1.30', '1.30', '1.30', '1.30', '1.30', '1.30', '1.30', '1.30', '1.30', '1.30', '1.30'),
(37, '2016', '1.30', '1.30', '1.30', '1.30', '1.30', '1.30', '1.30', '1.30', '1.30', '1.30', '1.30', '1.30'),
(38, '2017', '1.30', '1.30', '1.30', '1.30', '1.30', '1.30', '1.30', '1.30', '1.30', '1.30', '1.30', '1.30'),
(39, '2018', '1.47', '1.47', '1.47', '1.47', '1.47', '1.47', '1.47', '1.47', '1.47', '1.47', '1.47', '1.47'),
(40, '2019', '1.47', '1.47', '1.47', '1.47', '1.47', '1.47', '1.47', '1.47', '1.47', '1.47', '1.47', '1.47'),
(41, '2020', '1.47', '1.47', '1.47', '1.47', '1.47', '1.47', '1.47', '1.47', '1.47', '1.47', '1.47', '1.47'),
(42, '2021', '1.47', '1.47', '1.47', '1.47', '1.47', '1.47', '1.47', '1.47', '1.47', '1.47', '1.47', '1.47'),
(43, '2022', '1.47', '1.47', '1.47', '1.47', '1.47', '1.47', '1.47', '1.47', '1.47', '1.47', '1.47', '1.47'),
(44, '2023', '1.47', '1.47', '1.47', '1.47', '1.47', '1.47', '1.47', '1.47', '1.47', '1.47', '1.47', '1.47'),
(45, '2024', '1.47', '1.47', '1.47', '1.47', '1.47', '1.47', '1.47', '1.47', '1.47', '1.47', '0', '0');

-- --------------------------------------------------------

--
-- Estructura de tabla para la tabla `roles`
--

CREATE TABLE `roles` (
  `id` int(11) NOT NULL,
  `descripcion` varchar(100) NOT NULL
) ENGINE=InnoDB DEFAULT CHARSET=utf8mb4 COLLATE=utf8mb4_general_ci;

--
-- Volcado de datos para la tabla `roles`
--

INSERT INTO `roles` (`id`, `descripcion`) VALUES
(1, 'Administrador'),
(2, 'Responsable Estatal'),
(3, 'Responsable Plantel');

-- --------------------------------------------------------

--
-- Estructura de tabla para la tabla `tabla_isr`
--

CREATE TABLE `tabla_isr` (
  `id` int(11) NOT NULL,
  `anio` varchar(4) NOT NULL,
  `fila` int(11) NOT NULL,
  `li` varchar(12) NOT NULL,
  `ls` varchar(12) NOT NULL,
  `cuota` varchar(12) NOT NULL,
  `por` varchar(5) NOT NULL,
  `estatus` varchar(12) NOT NULL
) ENGINE=InnoDB DEFAULT CHARSET=utf8mb4 COLLATE=utf8mb4_general_ci;

--
-- Volcado de datos para la tabla `tabla_isr`
--

INSERT INTO `tabla_isr` (`id`, `anio`, `fila`, `li`, `ls`, `cuota`, `por`, `estatus`) VALUES
(1, '2016', 1, '0.01', '496.07', '0.00', '1.92', 'activo'),
(2, '2016', 2, '496.08', '4210.41', '9.52', '6.40', 'activo'),
(3, '2016', 3, '4210.42', '7399.42', '247.24', '10.88', 'activo'),
(4, '2016', 4, '7399.43', '8601.50', '594.21', '16.00', 'activo'),
(5, '2016', 5, '8601.51', '10298.35', '786.54', '17.92', 'activo'),
(6, '2016', 6, '10298.36', '20770.29', '1090.61', '21.36', 'activo'),
(7, '2016', 7, '20770.30', '32736.83', '3327.42', '23.52', 'activo'),
(8, '2016', 8, '32736.84', '62500.00', '6141.95', '30.00', 'activo'),
(9, '2016', 9, '62500.01', '83333.33', '15070.90', '32.00', 'activo'),
(10, '2016', 10, '83333.34', '250000.00', '21737.57', '34.00', 'activo'),
(11, '2016', 11, '250000.01', '0.00', '78404.23', '35.00', 'activo'),
(12, '2017', 1, '0.01', '496.07', '0.00', '1.92', 'activo'),
(13, '2017', 2, '496.08', '4210.41', '9.52', '6.40', 'activo'),
(14, '2017', 3, '4210.42', '7399.42', '247.24', '10.88', 'activo'),
(15, '2017', 4, '7399.43', '8601.50', '594.21', '16.00', 'activo'),
(16, '2017', 5, '8601.51', '10298.35', '786.54', '17.92', 'activo'),
(17, '2017', 6, '10298.36', '20770.29', '1090.61', '21.36', 'activo'),
(18, '2017', 7, '20770.30', '32736.83', '3327.42', '23.52', 'activo'),
(19, '2017', 8, '32736.84', '62500.00', '6141.95', '30.00', 'activo'),
(20, '2017', 9, '62500.01', '83333.33', '15070.90', '32.00', 'activo'),
(21, '2017', 10, '83333.34', '250000.00', '21737.57', '34.00', 'activo'),
(22, '2017', 11, '250000.01', '0.00', '78404.23', '35.00', 'activo'),
(23, '2018', 1, '0.01', '578.52', '0.00', '1.92', 'activo'),
(24, '2018', 2, '578.53', '4910.18', '11.11', '6.40', 'activo'),
(25, '2018', 3, '4910.19', '8629.20', '288.33', '10.88', 'activo'),
(26, '2018', 4, '8629.21', '10031.07', '692.96', '16.00', 'activo'),
(27, '2018', 5, '10031.08', '12009.94', '917.26', '17.92', 'activo'),
(28, '2018', 6, '12009.95', '24222.31', '1271.87', '21.36', 'activo'),
(29, '2018', 7, '24222.32', '38177.69', '3880.44', '23.52', 'activo'),
(30, '2018', 8, '38177.70', '72887.50', '7162.74', '30.00', 'activo'),
(31, '2018', 9, '72887.51', '97183.33', '17575.69', '32.00', 'activo'),
(32, '2018', 10, '97183.34', '291550.00', '25350.35', '34.00', 'activo'),
(33, '2018', 11, '291550.01', '0.00', '91435.02', '35.00', 'activo'),
(34, '2019', 1, '0.01', '578.52', '0.00', '1.92', 'activo'),
(35, '2019', 2, '578.53', '4910.18', '11.11', '6.40', 'activo'),
(36, '2019', 3, '4910.19', '8629.20', '288.33', '10.88', 'activo'),
(37, '2019', 4, '8629.21', '10031.07', '692.96', '16.00', 'activo'),
(38, '2019', 5, '10031.08', '12009.94', '917.26', '17.92', 'activo'),
(39, '2019', 6, '12009.95', '24222.31', '1271.87', '21.36', 'activo'),
(40, '2019', 7, '24222.32', '38177.69', '3880.44', '23.52', 'activo'),
(41, '2019', 8, '38177.70', '72887.50', '7162.74', '30.00', 'activo'),
(42, '2019', 9, '72887.51', '97183.33', '17575.69', '32.00', 'activo'),
(43, '2019', 10, '97183.34', '291550.00', '25350.35', '34.00', 'activo'),
(44, '2019', 11, '291550.01', '0.00', '91435.02', '35.00', 'activo'),
(45, '2020', 1, '0.01', '578.52', '0.00', '1.92', 'activo'),
(46, '2020', 2, '578.53', '4910.18', '11.11', '6.40', 'activo'),
(47, '2020', 3, '4910.19', '8629.20', '288.33', '10.88', 'activo'),
(48, '2020', 4, '8629.21', '10031.07', '692.96', '16.00', 'activo'),
(49, '2020', 5, '10031.08', '12009.94', '917.26', '17.92', 'activo'),
(50, '2020', 6, '12009.95', '24222.31', '1271.87', '21.36', 'activo'),
(51, '2020', 7, '24222.32', '38177.69', '3880.44', '23.52', 'activo'),
(52, '2020', 8, '38177.70', '72887.50', '7162.74', '30.00', 'activo'),
(53, '2020', 9, '72887.51', '97183.33', '17575.69', '32.00', 'activo'),
(54, '2020', 10, '97183.34', '291550.00', '25350.35', '34.00', 'activo'),
(55, '2020', 11, '291550.01', '0.00', '91435.02', '35.00', 'activo'),
(56, '2021', 1, '0.01', '644.58', '0.00', '1.92', 'activo'),
(57, '2021', 2, '644.59', '5470.92', '12.38', '6.40', 'activo'),
(58, '2021', 3, '5470.93', '9614.66', '321.26', '10.88', 'activo'),
(59, '2021', 4, '9614.67', '11176.62', '772.10', '16.00', 'activo'),
(60, '2021', 5, '11176.63', '13381.47', '1022.01', '17.92', 'activo'),
(61, '2021', 6, '13381.48', '26988.50', '1417.12', '21.36', 'activo'),
(62, '2021', 7, '26988.51', '42537.58', '4323.58', '23.52', 'activo'),
(63, '2021', 8, '42537.59', '81211.25', '7980.73', '30.00', 'activo'),
(64, '2021', 9, '81211.26', '108281.67', '19582.83', '32.00', 'activo'),
(65, '2021', 10, '108281.68', '324845.01', '28245.36', '34.00', 'activo'),
(66, '2021', 11, '324845.02', '0.00', '101876.90', '35.00', 'activo'),
(67, '2022', 1, '0.01', '644.58', '0.00', '1.92', 'activo'),
(68, '2022', 2, '644.59', '5470.92', '12.38', '6.40', 'activo'),
(69, '2022', 3, '5470.93', '9614.66', '321.26', '10.88', 'activo'),
(70, '2022', 4, '9614.67', '1176.62', '772.10', '16.00', 'activo'),
(71, '2022', 5, '11176.63', '13381.47', '1022.01', '17.92', 'activo'),
(72, '2022', 6, '13381.48', '26988.50', '1417.12', '21.36', 'activo'),
(73, '2022', 7, '26988.51', '42537.58', '4323.58', '23.52', 'activo'),
(74, '2022', 8, '42537.59', '81211.25', '7980.73', '30.00', 'activo'),
(75, '2022', 9, '81211.26', '108281.67', '19582.83', '32.00', 'activo'),
(76, '2022', 10, '108281.68', '324845.01', '28245.36', '34.00', 'activo'),
(77, '2022', 11, '324845.02', '0.00', '101876.90', '35.00', 'activo'),
(78, '2023', 1, '0.01', '746.04', '0.00', '1.92', 'activo'),
(79, '2023', 2, '746.05', '6332.05', '14.32', '6.40', 'activo'),
(80, '2023', 3, '6332.06', '11128.01', '371.83', '10.88', 'activo'),
(81, '2023', 4, '11128.02', '12935.82', '893.63', '16.00', 'activo'),
(82, '2023', 5, '12935.83', '15487.71', '1182.88', '17.92', 'activo'),
(83, '2023', 6, '15487.72', '31236.49', '1640.18', '21.36', 'activo'),
(84, '2023', 7, '31236.50', '49233.00', '5004.12', '23.52', 'activo'),
(85, '2023', 8, '49233.01', '93993.90', '9236.89', '30.00', 'activo'),
(86, '2023', 9, '93993.91', '125325.20', '22665.17', '32.00', 'activo'),
(87, '2023', 10, '125325.21', '375975.61', '32691.18', '34.00', 'activo'),
(88, '2023', 11, '375975.62', '0.00', '117912.32', '35.00', 'activo'),
(89, '2024', 1, '0.01', '746.04', '0.00', '1.92', 'activo'),
(90, '2024', 2, '746.05', '6332.05', '14.32', '6.40', 'activo'),
(91, '2024', 3, '6332.06', '11127.01', '371.83', '10.88', 'activo'),
(92, '2024', 4, '11128.02', '12935.82', '893.63', '16.00', 'activo'),
(93, '2024', 5, '12935.83', '15487.71', '1182.88', '17.92', 'activo'),
(94, '2024', 6, '15487.72', '31236.49', '1640.18', '21.36', 'activo'),
(95, '2024', 7, '31236.50', '49233.00', '5004.12', '23.52', 'activo'),
(96, '2024', 8, '49233.01', '93993.90', '9236.89', '30.00', 'activo'),
(97, '2024', 9, '93993.91', '125325.20', '22665.17', '32.00', 'activo'),
(98, '2024', 10, '125325.21', '375975.61', '32691.18', '34.00', 'activo'),
(99, '2024', 11, '375975.62', '0.00', '117912.32', '35.00', 'activo');

-- --------------------------------------------------------

--
-- Estructura de tabla para la tabla `usuarios`
--

CREATE TABLE `usuarios` (
  `id` int(11) NOT NULL,
  `nombre` varchar(100) NOT NULL,
  `usuario` varchar(30) NOT NULL,
  `password` varchar(12) NOT NULL,
  `id_cargo` int(11) NOT NULL,
  `imagen` varchar(250) NOT NULL
) ENGINE=InnoDB DEFAULT CHARSET=utf8mb4 COLLATE=utf8mb4_general_ci;

--
-- Volcado de datos para la tabla `usuarios`
--

INSERT INTO `usuarios` (`id`, `nombre`, `usuario`, `password`, `id_cargo`, `imagen`) VALUES
(1, 'Rubén Hernández', 'ruben', '123', 1, 'assets/img/profile-img.jpg'),
(2, 'Auxiliar 1', 'listonmorado', '123', 2, 'assets/img/messages-1.jpg'),
(3, 'Auxiliar 2', 'dos', '123', 3, 'assets/img/messages-2.jpg');

--
-- Índices para tablas volcadas
--

--
-- Indices de la tabla `captura`
--
ALTER TABLE `captura`
  ADD PRIMARY KEY (`id`);

--
-- Indices de la tabla `empresas`
--
ALTER TABLE `empresas`
  ADD PRIMARY KEY (`id_em`);

--
-- Indices de la tabla `indicadores`
--
ALTER TABLE `indicadores`
  ADD PRIMARY KEY (`id`);

--
-- Indices de la tabla `inpc`
--
ALTER TABLE `inpc`
  ADD PRIMARY KEY (`id`);

--
-- Indices de la tabla `recargos`
--
ALTER TABLE `recargos`
  ADD PRIMARY KEY (`id`);

--
-- Indices de la tabla `roles`
--
ALTER TABLE `roles`
  ADD PRIMARY KEY (`id`);

--
-- Indices de la tabla `tabla_isr`
--
ALTER TABLE `tabla_isr`
  ADD PRIMARY KEY (`id`);

--
-- Indices de la tabla `usuarios`
--
ALTER TABLE `usuarios`
  ADD PRIMARY KEY (`id`),
  ADD KEY `id_cargo` (`id_cargo`);

--
-- AUTO_INCREMENT de las tablas volcadas
--

--
-- AUTO_INCREMENT de la tabla `captura`
--
ALTER TABLE `captura`
  MODIFY `id` int(11) NOT NULL AUTO_INCREMENT, AUTO_INCREMENT=85;

--
-- AUTO_INCREMENT de la tabla `empresas`
--
ALTER TABLE `empresas`
  MODIFY `id_em` int(11) NOT NULL AUTO_INCREMENT, AUTO_INCREMENT=13;

--
-- AUTO_INCREMENT de la tabla `indicadores`
--
ALTER TABLE `indicadores`
  MODIFY `id` int(11) NOT NULL AUTO_INCREMENT, AUTO_INCREMENT=22;

--
-- AUTO_INCREMENT de la tabla `inpc`
--
ALTER TABLE `inpc`
  MODIFY `id` int(11) NOT NULL AUTO_INCREMENT, AUTO_INCREMENT=51;

--
-- AUTO_INCREMENT de la tabla `recargos`
--
ALTER TABLE `recargos`
  MODIFY `id` int(11) NOT NULL AUTO_INCREMENT, AUTO_INCREMENT=46;

--
-- AUTO_INCREMENT de la tabla `roles`
--
ALTER TABLE `roles`
  MODIFY `id` int(11) NOT NULL AUTO_INCREMENT, AUTO_INCREMENT=9;

--
-- AUTO_INCREMENT de la tabla `tabla_isr`
--
ALTER TABLE `tabla_isr`
  MODIFY `id` int(11) NOT NULL AUTO_INCREMENT, AUTO_INCREMENT=100;

--
-- AUTO_INCREMENT de la tabla `usuarios`
--
ALTER TABLE `usuarios`
  MODIFY `id` int(11) NOT NULL AUTO_INCREMENT, AUTO_INCREMENT=5;

--
-- Restricciones para tablas volcadas
--

--
-- Filtros para la tabla `usuarios`
--
ALTER TABLE `usuarios`
  ADD CONSTRAINT `usuarios_ibfk_1` FOREIGN KEY (`id_cargo`) REFERENCES `roles` (`id`);
COMMIT;

/*!40101 SET CHARACTER_SET_CLIENT=@OLD_CHARACTER_SET_CLIENT */;
/*!40101 SET CHARACTER_SET_RESULTS=@OLD_CHARACTER_SET_RESULTS */;
/*!40101 SET COLLATION_CONNECTION=@OLD_COLLATION_CONNECTION */;
